{
    "display": {
      "icon": {
        "item": "minecraft:player_head",
        "nbt": "{SkullOwner:{Id:[I;67411088,-739686879,-1666252800,-1432255931],Properties:{textures:[{Value:\"eyJ0ZXh0dXJlcyI6eyJTS0lOIjp7InVybCI6Imh0dHA6Ly90ZXh0dXJlcy5taW5lY3JhZnQubmV0L3RleHR1cmUvNmE4M2QxYWFjMDY2ZGZkN2Q2NjhhZjFmNmIyZTUyMDE1MmFlYmI2MjQ1MjRhMGY5OWQ1MDkzNWJhM2Q0ZTIyYSJ9fX0=\"}]}}}"
      },
      "title": {
        "text": "Freezedown",
        "color": "aqua"
      },
      "description": {
        "text": "shivers",
        "color": "dark_aqua",
        "italic": true
      },
      "frame": "task",
      "show_toast": true,
      "announce_to_chat": false,
      "hidden": true
    },
    "parent": "adv:heavy/reactor/root",
    "criteria": {
      "requirement": {
        "trigger": "minecraft:impossible"
      }
    }
  }