{
    "display": {
      "icon": {
        "item": "minecraft:player_head",
        "nbt": "{SkullOwner:{Id:[I;-93042963,6049274,-1763746484,908985496],Properties:{textures:[{Value:\"eyJ0ZXh0dXJlcyI6eyJTS0lOIjp7InVybCI6Imh0dHA6Ly90ZXh0dXJlcy5taW5lY3JhZnQubmV0L3RleHR1cmUvYzM4YWIxNDU3NDdiNGJkMDljZTAzNTQzNTQ5NDhjZTY5ZmY2ZjQxZDllMDk4YzY4NDhiODBlMTg3ZTkxOSJ9fX0=\"}]}}}"
      },
      "title": " ",
      "description": "",
      "frame": "goal",
      "show_toast": false,
      "announce_to_chat": false
    },
    "parent": "adv:credits/d/b",
    "criteria": {
      "requirements": {
        "trigger": "minecraft:tick",
        "conditions": {
          "player": [
            {
              "condition": "minecraft:entity_properties",
              "entity": "this",
              "predicate": {
                "player": {
                  "advancements": {
                    "adv:credits/d/b": true
                  }
                }
              }
            }
          ]
        }
      }
    }
  }
  