{
    "display": {
      "icon": {
        "item": "minecraft:player_head",
        "nbt": "{SkullOwner:{Id:[I;1168866349,-1080342854,-1305654597,1829308216],Properties:{textures:[{Value:\"eyJ0ZXh0dXJlcyI6eyJTS0lOIjp7InVybCI6Imh0dHA6Ly90ZXh0dXJlcy5taW5lY3JhZnQubmV0L3RleHR1cmUvNTlhYTY5MjI5ZmZkZmExODI4ODliZjMwOTdkMzIyMTVjMWIyMTU5ZDk4NzEwM2IxZDU4NDM2NDZmYWFjIn19fQ==\"}]}}}"
      },
      "title": {
        "text": "DebX Facility",
        "color": "gold"
      },
      "description": {
        "text": "DebX Advancements",
        "color": "dark_aqua"
      },
      "background": "textures/block/black_concrete_powder.png",
      "frame": "task",
      "show_toast": false,
      "announce_to_chat": false,
      "hidden": false
    },
    "criteria": {
      "requirement": {
        "trigger": "minecraft:tick"
      }
    }
  }
  