{
    "display": {
      "icon": {
        "item": "minecraft:player_head",
        "nbt": "{SkullOwner:{Id:[I;67411088,-739686879,-1666252800,-1432086687],Properties:{textures:[{Value:\"eyJ0ZXh0dXJlcyI6eyJTS0lOIjp7InVybCI6Imh0dHA6Ly90ZXh0dXJlcy5taW5lY3JhZnQubmV0L3RleHR1cmUvNWFlMGU0ODZkYjRlYzQ5ZmYxYjUyY2ZlY2VkYTRjM2YzNmZkZTIzYzgzNWVhM2NjZmNhYWM5MzVlNDliNWYxMCJ9fX0=\"}]}}}"
      },
      "title": {
        "text": "The TRUE ending",
        "color": "#0f9145"
      },
      "description": {
        "text": "No way??? You discovered the true ending! But what does it mean?",
        "color": "dark_aqua"
      },
      "frame": "challenge",
      "show_toast": true,
      "announce_to_chat": false,
      "hidden": true
    },
    "parent": "adv:heavy/objobjobjobj/warhead",
    "criteria": {
      "requirement": {
        "trigger": "minecraft:impossible"
      }
    }
  }