{
    "display": {
      "icon": {
        "item": "minecraft:player_head",
        "nbt": "{SkullOwner:{Id:[I;67411088,-739686879,-1666252800,178918001],Properties:{textures:[{Value:\"eyJ0ZXh0dXJlcyI6eyJTS0lOIjp7InVybCI6Imh0dHA6Ly90ZXh0dXJlcy5taW5lY3JhZnQubmV0L3RleHR1cmUvN2ZhZjNlZmJmZjZkN2VmNDY1ZWNhY2JjNTE3ZjRkYWQ1Y2MxYTIyNjFlYTdhNjA5ZjIxNmFhZTQ4Nzg0In19fQ==\"}]}}}"
      },
      "title": {
        "text": "Arm the alpha warhead",
        "color": "yellow"
      },
      "description": {
        "text": "Hope it doesn't explode while you're in here",
        "color": "dark_aqua"
      },
      "frame": "task",
      "show_toast": true,
      "announce_to_chat": false,
      "hidden": false
    },
    "parent": "adv:heavy/objobjobjobj/root",
    "criteria": {
      "requirement": {
        "trigger": "minecraft:impossible"
      }
    }
  }
  