{
    "display": {
      "icon": {
        "item": "minecraft:player_head",
        "nbt": "{SkullOwner:\"MurkyUmbreon73\"}"
      },
      "title": {
        "text": "MurkyUmbreon73",
        "color": "gold"
      },
      "description": {
        "text": "QA Tester",
        "color": "dark_aqua"
      },
      "frame": "task",
      "show_toast": false,
      "announce_to_chat": false,
      "hidden": true
    },
    "parent": "adv:credits/testers/root",
    "criteria": {
      "requirements": {
        "trigger": "minecraft:tick",
        "conditions": {
          "player": [
            {
              "condition": "minecraft:entity_properties",
              "entity": "this",
              "predicate": {
                "player": {
                  "advancements": {
                    "adv:credits/d/x": true
                  }
                }
              }
            }
          ]
        }
      }
    }
  }
  