{
    "criteria": {
        "requirement": {
            "trigger": "minecraft:location",
            "conditions": {
                "location": {
                    "position": {
                        "x": {
                            "min": 748,
                            "max": 753
                        },
                        "y": {
                            "min": 42,
                            "max": 46
                        },
                        "z": {
                            "min": 99783,
                            "max": 99788
                        }
                    }
                }
            }
        }
    },
    "rewards": {
        "function": "maze:loop"
    }
}