{
    "display": {
      "icon": {
        "item": "minecraft:player_head",
        "nbt": "{SkullOwner:{Id:[I;67411088,-739686879,-1666252800,-1431746951],Properties:{textures:[{Value:\"eyJ0ZXh0dXJlcyI6eyJTS0lOIjp7InVybCI6Imh0dHA6Ly90ZXh0dXJlcy5taW5lY3JhZnQubmV0L3RleHR1cmUvNGNlMzZmY2IxZTVmNmIzNjUxN2ZiYmViOWNiZjRiMGMwNWMzMGQ4YmRiNTE1NDgyNGU2MGU2ZDU1MGY1MjhlOSJ9fX0=\"}]}}}"
      },
      "title": {
        "text": "Elevator",
        "color": "#228B22"
      },
      "description": {
        "text": "Power the elevator",
        "color": "dark_aqua"
      },
      "frame": "task",
      "show_toast": true,
      "announce_to_chat": false,
      "hidden": false
    },
    "parent": "adv:heavy/objobjobjobj/power",
    "criteria": {
      "requirement": {
        "trigger": "minecraft:impossible"
      }
    }
  }