{
    "display": {
      "icon": {
        "item": "minecraft:player_head",
        "nbt": "{SkullOwner:{Id:[I;67411088,-739686879,-1666252800,-1432251113],Properties:{textures:[{Value:\"eyJ0ZXh0dXJlcyI6eyJTS0lOIjp7InVybCI6Imh0dHA6Ly90ZXh0dXJlcy5taW5lY3JhZnQubmV0L3RleHR1cmUvZTZlZmM4NmRiOTIyMTdjNWEzODk2NzJiMjgyNDI3NWU3YTIwNmQ3ZWMwZjJjN2U0Y2E0ODNjNmUxN2M5ZjZkNSJ9fX0=\"}]}}}"
      },
      "title": {
        "text": "Explosion",
        "color": "red"
      },
      "description": {
        "text": "Who is screaming?",
        "color": "dark_aqua"
      },
      "frame": "task",
      "show_toast": true,
      "announce_to_chat": false,
      "hidden": true
    },
    "parent": "adv:heavy/reactor/death/bunker",
    "criteria": {
      "requirement": {
        "trigger": "minecraft:impossible"
      }
    }
  }