{
    "display": {
      "icon": {
        "item": "minecraft:player_head",
        "nbt": "{SkullOwner:\"dragon_tornado\"}"
      },
      "title": {
        "text": "dragon_tornado",
        "color": "gold"
      },
      "description": {
        "text": "QA Tester",
        "color": "dark_aqua"
      },
      "frame": "task",
      "show_toast": false,
      "announce_to_chat": false
    },
    "parent": "adv:credits/testers/murky",
    "criteria": {
      "requirements": {
        "trigger": "minecraft:tick",
        "conditions": {
            "player": [
              {
                "condition": "minecraft:entity_properties",
                "entity": "this",
                "predicate": {
                  "player": {
                    "advancements": {
                      "adv:credits/testers/murky": true
                    }
                  }
                }
              }
            ]
          }
      }
    }
  }
  