{
    "display": {
      "icon": {
        "item": "minecraft:player_head",
        "nbt": "{SkullOwner:{Id:[I;67411088,-739686879,-1666252800,-1431992576],Properties:{textures:[{Value:\"eyJ0ZXh0dXJlcyI6eyJTS0lOIjp7InVybCI6Imh0dHA6Ly90ZXh0dXJlcy5taW5lY3JhZnQubmV0L3RleHR1cmUvYzQ2NWMxMjE5NThjMDUyMmUzZGNjYjNkMTRkNjg2MTJkNjMxN2NkMzgwYjBlNjQ2YjYxYjc0MjBiOTA0YWYwMiJ9fX0=\"}]}}}"
      },
      "title": {
        "text": "Power!",
        "color": "yellow"
      },
      "description": {
        "text": "Redirect power to the reactor",
        "color": "dark_aqua"
      },
      "frame": "task",
      "show_toast": true,
      "announce_to_chat": false,
      "hidden": false
    },
    "parent": "adv:heavy/objobjobjobj/root",
    "criteria": {
      "requirement": {
        "trigger": "minecraft:impossible"
      }
    }
  }
  