{
    "display": {
      "icon": {
        "item": "minecraft:player_head",
        "nbt": "{SkullOwner:{Id:[I;67411088,-739686879,-1666252800,-1432065706],Properties:{textures:[{Value:\"eyJ0ZXh0dXJlcyI6eyJTS0lOIjp7InVybCI6Imh0dHA6Ly90ZXh0dXJlcy5taW5lY3JhZnQubmV0L3RleHR1cmUvODRmYzU2ZDRiOGI3ZGNkZTlhNzQ4NzQ3MzQ1NDhiZDYyNzY4ZTFmY2E0ZTYzYjRlM2E1YmJjYTViYjMwYWE3MCJ9fX0=\"}]}}}"
      },
      "title": {
        "text": "Maintenance",
        "color": "gold"
      },
      "description": "",
      "frame": "goal",
      "show_toast": false,
      "announce_to_chat": false,
      "hidden": true
    },
    "parent": "adv:light/root",
    "criteria": {
      "requirement": {
        "trigger": "minecraft:impossible"
      }
    }
  }
  