{
    "display": {
      "icon": {
        "item": "minecraft:player_head",
        "nbt": "{SkullOwner:{Id:[I;67411088,-739686879,-1666252800,-1432025722],Properties:{textures:[{Value:\"eyJ0ZXh0dXJlcyI6eyJTS0lOIjp7InVybCI6Imh0dHA6Ly90ZXh0dXJlcy5taW5lY3JhZnQubmV0L3RleHR1cmUvZGNhZmJhYzUwNjgxOTdmZGExODYzNmRmYzRjZTdmOWRmNWFmOWIyYTA2ZTZmOTFlMzhhZTM1ZTRjNDM1YjJkZiJ9fX0=\"}]}}}"
      },
      "title": {
        "text": "Override the control panel",
        "color": "green"
      },
      "description": {
        "text": "People often struggle with this puzzle",
        "color": "dark_aqua"
      },
      "frame": "task",
      "show_toast": false,
      "announce_to_chat": false,
      "hidden": false
    },
    "parent": "adv:light/maintenance/root",
    "criteria": {
      "requirement": {
        "trigger": "minecraft:impossible"
      }
    }
  }
  