{
  "display": {
    "icon": {
      "item": "minecraft:player_head",
      "nbt": "{SkullOwner:{Id:[I;67411088,-739686879,-1666252800,178950952],Properties:{textures:[{Value:\"eyJ0ZXh0dXJlcyI6eyJTS0lOIjp7InVybCI6Imh0dHA6Ly90ZXh0dXJlcy5taW5lY3JhZnQubmV0L3RleHR1cmUvMmQ5Mjg3NjE2MzQzZDgzM2U5ZTczMTcxNTljYWEyY2IzZTU5NzQ1MTEzOTYyYzEzNzkwNTJjZTQ3ODg4NGZhIn19fQ==\"}]}}}"
    },
    "title": {
      "text": "Unlock the blast door",
      "color": "red"
    },
    "description": {
      "text": "What did that door even protect?",
      "color": "dark_aqua"
    },
    "frame": "task",
    "show_toast": true,
    "announce_to_chat": false,
    "hidden": false
  },
  "parent": "adv:light/maintenance/server",
  "criteria": {
    "requirement": {
      "trigger": "minecraft:impossible"
    }
  }
}
