{
    "criteria": {
      "requirement": {
        "trigger": "minecraft:item_used_on_block",
        "conditions": {
          "location": {
            "position": {
              "x": 736.5,
              "y": 18.5,
              "z": 99741.5
            },
            "block": {
              "blocks": [
                "minecraft:lever"
              ]
            }
          }
        }
      }
    },
    "rewards": {
      "function": "input:coolant/pump/3"
    }
  }