{
    "display": {
      "icon": {
        "item": "minecraft:player_head",
        "nbt": "{SkullOwner:{Id:[I;67411088,-739686879,-1666252800,-1431883168],Properties:{textures:[{Value:\"eyJ0ZXh0dXJlcyI6eyJTS0lOIjp7InVybCI6Imh0dHA6Ly90ZXh0dXJlcy5taW5lY3JhZnQubmV0L3RleHR1cmUvZmFiYmY1NGQ2ZDI1MDE0N2U2ZTdhYjA3OWM5ZThjNzYyOTAwNTBjMDA4NmUyNDRjOWZmODFjMTU4M2Q5MDg5YSJ9fX0=\"}]}}}"
      },
      "title": {
        "text": "Authorization",
        "color": "#3057E1"
      },
      "description": {
        "text": "Boop",
        "color": "dark_aqua"
      },
      "frame": "task",
      "show_toast": true,
      "announce_to_chat": false,
      "hidden": false
    },
    "parent": "adv:entrance/objective/recipe",
    "criteria": {
      "requirement": {
        "trigger": "minecraft:impossible"
      }
    }
  }