{
  "display": {
    "icon": {
      "item": "minecraft:player_head",
      "nbt": "{SkullOwner:{Id:[I;67411088,-739686879,-1666252800,178930755],Properties:{textures:[{Value:\"eyJ0ZXh0dXJlcyI6eyJTS0lOIjp7InVybCI6Imh0dHA6Ly90ZXh0dXJlcy5taW5lY3JhZnQubmV0L3RleHR1cmUvZWRjMzA2MGNmNzUyNGFlM2ViNGRmZDJiNTg5ODAzOTVkMjNmN2UzNjk1NTE0MTU0YjFlNGE4MGQyOWM5ZjNmIn19fQ==\"}]}}}"
    },
    "title": {
      "text": "Blueprints",
      "color": "#3057E1"
    },
    "description": {
      "text": "At least you wont get lost",
      "color": "dark_aqua"
    },
    "frame": "task",
    "show_toast": true,
    "announce_to_chat": false,
    "hidden": false
  },
  "parent": "adv:entrance/objective/blueprint",
  "criteria": {
    "requirement": {
      "trigger": "minecraft:inventory_changed",
      "conditions": {
        "items": [
          {
            "items": [
              "minecraft:filled_map",
              "minecraft:map",
              "minecraft:paper",
              "minecraft:globe_banner_pattern"
            ],
            "nbt": "{blueprint_map:1b}"
          }
        ]
      }
    }
  }
}