{
    "display": {
      "icon": {
        "item": "minecraft:player_head",
        "nbt": "{SkullOwner:{Id:[I;67411088,-739686879,-1666252800,-1432088319],Properties:{textures:[{Value:\"eyJ0ZXh0dXJlcyI6eyJTS0lOIjp7InVybCI6Imh0dHA6Ly90ZXh0dXJlcy5taW5lY3JhZnQubmV0L3RleHR1cmUvMzBlNWU4MmU0N2UzZjdkMTY4NzU1MmYxMmY0OGM4MDExN2ZiMDgwNTJhZjI3ZTdjZTYzNmRkNjljMGYwODFmZiJ9fX0=\"}]}}}"
      },
      "title": {
        "text": "Pijp Pussle",
        "color": "red"
      },
      "description": {
        "text": "THIS IS A LATER ISSUE",
        "color": "dark_aqua"
      },
      "frame": "task",
      "show_toast": true,
      "announce_to_chat": false,
      "hidden": true
    },
    "parent": "adv:entrance/objective/recipe",
    "criteria": {
      "requirement": {
        "trigger": "minecraft:impossible"
      }
    }
  }
