{
    "display": {
      "icon": {
        "item": "minecraft:player_head",
        "nbt": "{SkullOwner:{Id:[I;67411088,-739686879,-1666252800,-1431935901],Properties:{textures:[{Value:\"eyJ0ZXh0dXJlcyI6eyJTS0lOIjp7InVybCI6Imh0dHA6Ly90ZXh0dXJlcy5taW5lY3JhZnQubmV0L3RleHR1cmUvNDZhZTEyNTFkMGQ0ZWI2YzhjYzU1Y2Y2NWM5MmVjZDU5YWNmODFlNzQ2Yzg1NmVhNjRjN2M3NDJiMDZhZmU5NCJ9fX0=\"}]}}}"
      },
      "title": {
        "text": "The Recipe",
        "color": "light_purple"
      },
      "description": {
        "text": "It is time to cook",
        "color": "dark_aqua"
      },
      "frame": "task",
      "show_toast": true,
      "announce_to_chat": false,
      "hidden": false
    },
    "parent": "adv:entrance/objective/root",
    "criteria": {
      "requirement": {
        "trigger": "minecraft:impossible"
      }
    }
  }