{
  "display": {
    "icon": {
      "item": "minecraft:player_head",
      "nbt": "{SkullOwner:{Id:[I;67411088,-739686879,-1666252800,-1432143527],Properties:{textures:[{Value:\"eyJ0ZXh0dXJlcyI6eyJTS0lOIjp7InVybCI6Imh0dHA6Ly90ZXh0dXJlcy5taW5lY3JhZnQubmV0L3RleHR1cmUvYTMzODk4ZDAxNDI1MGYyNjRmNjk4NGQxMWJmMTUyZWM0YWY2NDc4Mzg0YWVjOGFlNDY5NjViZDJjNGY2ZjkyOSJ9fX0=\"}]}}}"
    },
    "title": {
      "text": "The backrooms....?",
      "color": "#e4e6a8"
    },
    "description": {
      "text": "???",
      "color": "#c3cb6e"
    },
    "frame": "task",
    "show_toast": true,
    "announce_to_chat": false,
    "hidden": true
  },
  "parent": "adv:light/maintenance/power",
  "criteria": {
    "requirement": {
      "trigger": "minecraft:location",
      "conditions": {
        "location": {
          "position": {
            "x": {
              "min": 798,
              "max": 800
            },
            "y": {
              "min": 25,
              "max": 27
            },
            "z": {
              "min": 99668,
              "max": 99671
            }
          }
        }
      }
    }
  }
}
