{
    "display": {
      "icon": {
        "item": "minecraft:player_head",
        "nbt": "{SkullOwner:{Id:[I;67411088,-739686879,-1666252800,11183410],Properties:{textures:[{Value:\"eyJ0ZXh0dXJlcyI6eyJTS0lOIjp7InVybCI6Imh0dHA6Ly90ZXh0dXJlcy5taW5lY3JhZnQubmV0L3RleHR1cmUvNTA1OWQ1OWViNGU1OWMzMWVlY2Y5ZWNlMmY5Y2YzOTM0ZTQ1YzBlYzQ3NmZjODZiZmFlZjhlYTkxM2VhNzEwIn19fQ==\"}]}}}"
      },
      "title": {
        "text": "The End",
        "color": "light_purple"
      },
      "description": {
        "text": "Yipeeeeeeeeeeeeee",
        "color": "dark_aqua"
      },
      "frame": "task",
      "show_toast": true,
      "announce_to_chat": false,
      "hidden": true
    },
    "parent": "adv:entrance/restricted/warhead",
    "criteria": {
      "requirement": {
        "trigger": "minecraft:impossible"
      }
    }
  }