{
    "display": {
      "icon": {
        "item": "minecraft:player_head",
        "nbt": "{SkullOwner:{Id:[I;67411088,-739686879,-1666252800,11183409],Properties:{textures:[{Value:\"eyJ0ZXh0dXJlcyI6eyJTS0lOIjp7InVybCI6Imh0dHA6Ly90ZXh0dXJlcy5taW5lY3JhZnQubmV0L3RleHR1cmUvMWYxYjg3NWRlNDljNTg3ZTNiNDAyM2NlMjRkNDcyZmYyNzU4M2ExZjA1NGYzN2U3M2ExMTU0YjViNTQ5OCJ9fX0=\"}]}}}"
      },
      "title": {
        "text": "The Endn't",
        "color": "dark_purple"
      },
      "description": {
        "text": "womp womp",
        "color": "dark_aqua"
      },
      "frame": "task",
      "show_toast": true,
      "announce_to_chat": false,
      "hidden": true
    },
    "parent": "adv:entrance/restricted/end",
    "criteria": {
      "requirement": {
        "trigger": "minecraft:impossible"
      }
    }
}