{
    "display": {
      "icon": {
        "item": "minecraft:player_head",
        "nbt": "{SkullOwner:{Id:[I;67411088,-739686879,-1666252800,-1432086120],Properties:{textures:[{Value:\"eyJ0ZXh0dXJlcyI6eyJTS0lOIjp7InVybCI6Imh0dHA6Ly90ZXh0dXJlcy5taW5lY3JhZnQubmV0L3RleHR1cmUvZmQ4NzYxN2E2NTQ3ZmY5MDE3NzdmYzYzNGU1MzFkZWU0MDhiZTNiYzQyM2ViODZhYWNiZTcyODU5M2I0ZWVjYyJ9fX0=\"}]}}}"
      },
      "title": {
        "text": "What did you expect",
        "color": "red"
      },
      "description": {
        "text": "You just killed yourself",
        "color": "dark_aqua"
      },
      "frame": "task",
      "show_toast": true,
      "announce_to_chat": false,
      "hidden": true
    },
    "parent": "adv:entrance/restricted/maze",
    "criteria": {
      "requirement": {
        "trigger": "minecraft:impossible"
      }
    }
  }