{
  "display": {
    "icon": {
      "item": "minecraft:player_head",
      "nbt": "{SkullOwner:{Id:[I;67411088,-739686879,-1666252800,-1432124573],Properties:{textures:[{Value:\"eyJ0ZXh0dXJlcyI6eyJTS0lOIjp7InVybCI6Imh0dHA6Ly90ZXh0dXJlcy5taW5lY3JhZnQubmV0L3RleHR1cmUvNGRlYmYzZWExMjU3YTgyZjUxZGMxYjRjOWYwYTQyNDI5ZTg1N2NlZjJkYjIzMGM1Yjc0MzhlYmE1YjlkYjFmMCJ9fX0=\"}]}}}"
    },
    "title": {
      "text": "The Box",
      "color": "green"
    },
    "description": {
      "text": "This box looks familiar",
      "color": "dark_aqua"
    },
    "frame": "task",
    "show_toast": true,
    "announce_to_chat": false,
    "hidden": true
  },
  "parent": "adv:entrance/restricted/missile",
  "criteria": {
    "requirement": {
      "trigger": "minecraft:location",
      "conditions": {
        "position": {
          "x": {
            "min": 748,
            "max": 753
          },
          "y": {
            "min": 43,
            "max": 46
          },
          "z": {
            "min": 99783,
            "max": 99788
          }
        }
      }
    }
  }
}