{
    "display": {
      "icon": {
        "item": "minecraft:player_head",
        "nbt": "{SkullOwner:{Id:[I;67411088,-739686879,-1666252800,-1432083335],Properties:{textures:[{Value:\"eyJ0ZXh0dXJlcyI6eyJTS0lOIjp7InVybCI6Imh0dHA6Ly90ZXh0dXJlcy5taW5lY3JhZnQubmV0L3RleHR1cmUvNzEzYjc4YjUyMDc4MWI1OTcwYzRlMTE3Mjc0ZTkzNjNlNjY3MjFlZmQ3YmJlMTk1OWUyNjZiOThlMzc3NTljZSJ9fX0=\"}]}}}"
      },
      "title": {
        "text": "The missile knows where it is",
        "color": "yellow"
      },
      "description": {
        "text": "By knowing where it isn't",
        "color": "dark_aqua"
      },
      "frame": "task",
      "show_toast": true,
      "announce_to_chat": false,
      "hidden": true
    },
    "parent": "adv:entrance/restricted/root",
    "criteria": {
      "requirement": {
        "trigger": "minecraft:impossible"
      }
    }
  }