{
    "display": {
      "icon": {
        "item": "minecraft:player_head",
        "nbt": "{SkullOwner:{Id:[I;67411088,-739686879,-1666252800,178921540],Properties:{textures:[{Value:\"eyJ0ZXh0dXJlcyI6eyJTS0lOIjp7InVybCI6Imh0dHA6Ly90ZXh0dXJlcy5taW5lY3JhZnQubmV0L3RleHR1cmUvOGUyYzE4YWIzNTk0OWJmOWY5ZTdkNmE2OWI4ODVjY2Q4Y2MyZWZiOTQ3NTk0NmQ3ZDNmYjVjM2ZlZjYxIn19fQ==\"}]}}}"
      },
      "title": {
        "text": "Restricted",
        "color": "gold"
      },
      "description": "",
      "frame": "goal",
      "show_toast": false,
      "announce_to_chat": false,
      "hidden": true
    },
    "parent": "adv:entrance/root",
    "criteria": {
      "requirement": {
        "trigger": "minecraft:location",
        "conditions": {
          "position": {
            "x": {
              "min": 746,
              "max": 760
            },
            "y": {
              "min": 43,
              "max": 47
            },
            "z": {
              "min": 99776,
              "max": 99780
            }
          }
        }
      }
    }
  }