{
  "display": {
    "icon": {
      "item": "minecraft:player_head",
      "nbt": "{SkullOwner:{Id:[I;67411088,-739686879,-1666252800,-1432025722],Properties:{textures:[{Value:\"eyJ0ZXh0dXJlcyI6eyJTS0lOIjp7InVybCI6Imh0dHA6Ly90ZXh0dXJlcy5taW5lY3JhZnQubmV0L3RleHR1cmUvZGNhZmJhYzUwNjgxOTdmZGExODYzNmRmYzRjZTdmOWRmNWFmOWIyYTA2ZTZmOTFlMzhhZTM1ZTRjNDM1YjJkZiJ9fX0=\"}]}}}"
    },
    "title": {
      "text": "The server again... again?",
      "color": "green"
    },
    "description": {
      "text": "Can't wait for the next one",
      "color": "dark_aqua"
    },
    "frame": "task",
    "show_toast": true,
    "announce_to_chat": false,
    "hidden": true
  },
  "parent": "adv:entrance/restricted/root",
  "criteria": {
    "requirement": {
      "trigger": "minecraft:location",
      "conditions": {
        "position": {
          "x": {
            "min": 721,
            "max": 740
          },
          "y": {
            "min": 34,
            "max": 41
          },
          "z": {
            "min": 99858,
            "max": 99879
          }
        }
      }
    }
  }
}