{
    "display": {
      "icon": {
        "item": "minecraft:player_head",
        "nbt": "{SkullOwner:{Id:[I;-391101065,1272204594,-2083837408,-988635098],Properties:{textures:[{Value:\"eyJ0ZXh0dXJlcyI6eyJTS0lOIjp7InVybCI6Imh0dHA6Ly90ZXh0dXJlcy5taW5lY3JhZnQubmV0L3RleHR1cmUvOWVjYTk4YmVmZDBkN2VmY2E5YjExZWJmNGIyZGE0NTljYzE5YTM3ODExNGIzY2RkZTY3ZDQwNjdhZmI4OTYifX19\"}]}}}"
      },
      "title": " ",
      "description": "",
      "frame": "goal",
      "show_toast": false,
      "announce_to_chat": false
    },
    "parent": "adv:credits/d/e",
    "criteria": {
      "requirements": {
        "trigger": "minecraft:tick",
        "conditions": {
          "player": [
            {
              "condition": "minecraft:entity_properties",
              "entity": "this",
              "predicate": {
                "player": {
                  "advancements": {
                    "adv:credits/d/e": true
                  }
                }
              }
            }
          ]
        }
      }
    }
  }
  