{
    "display": {
      "icon": {
        "item": "minecraft:player_head",
        "nbt": "{SkullOwner:{Id:[I;120121134,500450544,-1916212640,92465514],Properties:{textures:[{Value:\"eyJ0ZXh0dXJlcyI6eyJTS0lOIjp7InVybCI6Imh0dHA6Ly90ZXh0dXJlcy5taW5lY3JhZnQubmV0L3RleHR1cmUvNDdlOWE4NjMzM2RkYTMwZjE5MjFiMTQ4ZDY3NDk0ZDIyMDdmYzM1OTkxMWRmMmYxODA3ZTM4YTBiYzRmNmY3OCJ9fX0=\"}]}}}"
      },
      "title": {
        "text": "articmysti",
        "color": "gold"
      },
      "description": {
        "text": "QA Tester",
        "color": "dark_aqua"
      },
      "frame": "task",
      "show_toast": false,
      "announce_to_chat": false
    },
    "parent": "adv:credits/testers/dragontornado",
    "criteria": {
      "requirements": {
        "trigger": "minecraft:tick",
        "conditions": {
            "player": [
              {
                "condition": "minecraft:entity_properties",
                "entity": "this",
                "predicate": {
                  "player": {
                    "advancements": {
                      "adv:credits/testers/murky": true
                    }
                  }
                }
              }
            ]
          }
      }
    }
  }
  