{
  "display": {
    "icon": {
      "item": "minecraft:player_head",
      "nbt": "{SkullOwner:{Id:[I;67411088,-739686879,-1666252800,-1432123337],Properties:{textures:[{Value:\"eyJ0ZXh0dXJlcyI6eyJTS0lOIjp7InVybCI6Imh0dHA6Ly90ZXh0dXJlcy5taW5lY3JhZnQubmV0L3RleHR1cmUvYzdmNzM3YjE2ZjliOGE0Yjg2YjkzOTQyNDRmNGE3OWEyM2ExNzk5NDliY2QzMGQzYTVlOTI1YWFjMzE3ZDgzMSJ9fX0=\"}]}}}"
    },
    "title": {
      "text": "Security",
      "color": "gold"
    },
    "description": "",
    "frame": "goal",
    "show_toast": false,
    "announce_to_chat": false,
    "hidden": true
  },
  "parent": "adv:light/root",
  "criteria": {
    "requirement": {
      "trigger": "minecraft:location",
      "conditions": {
        "location": {
          "position": {
            "x": {
              "min": 764,
              "max": 756
            },
            "y": {
              "min": 25,
              "max": 28
            },
            "z": {
              "min": 99723,
              "max": 99733
            }
          }
        }
      }
    }
  }
}
