{
    "display": {
      "icon": {
        "item": "minecraft:player_head",
        "nbt": "{SkullOwner:{Id:[I;67411088,-739686879,-1666252800,-1432018330],Properties:{textures:[{Value:\"eyJ0ZXh0dXJlcyI6eyJTS0lOIjp7InVybCI6Imh0dHA6Ly90ZXh0dXJlcy5taW5lY3JhZnQubmV0L3RleHR1cmUvN2IyZjJiNzY0MmI1NDQ5MGI5ZmZhMWUwZTFiMjk2YWFkMmI3YTRlZGI5MzYxZTdlOGU5OTAzYjY0ZGJiODkzOSJ9fX0=\"}]}}}"
      },
      "title": {
        "text": "Hadron Collider",
        "color": "light_purple"
      },
      "description": {
        "text": "Successfully create an 05 Keycard",
        "color": "dark_aqua"
      },
      "frame": "task",
      "show_toast": true,
      "announce_to_chat": false,
      "hidden": false
    },
    "parent": "adv:heavy/reactor/others/reactor",
    "criteria": {
      "requirement": {
        "trigger": "minecraft:impossible"
      }
    }
  }