{
    "display": {
      "icon": {
        "item": "minecraft:player_head",
        "nbt": "{SkullOwner:{Id:[I;67411088,-739686879,-1666252800,-1431936399],Properties:{textures:[{Value:\"eyJ0ZXh0dXJlcyI6eyJTS0lOIjp7InVybCI6Imh0dHA6Ly90ZXh0dXJlcy5taW5lY3JhZnQubmV0L3RleHR1cmUvZTUxZDVjYzJlYjY2NGUyZmY0MGFkMmI3NWViN2YwNWYzNGEyNWRjYjRhYWYxNTM1ZDI2YTE0NjY0MDZjYmY4NiJ9fX0=\"}]}}}"
      },
      "title": {
        "text": "Have a hot bath",
        "color": "#F28C28"
      },
      "description": {
        "text": "Go swimming in the magma",
        "color": "dark_aqua"
      },
      "frame": "task",
      "show_toast": true,
      "announce_to_chat": false,
      "hidden": true
    },
    "parent": "adv:heavy/reactor/others/cold",
    "criteria": {
      "requirement": {
        "trigger": "minecraft:impossible"
      }
    }
  }