{
    "display": {
        "icon": {
            "item": "minecraft:cake"
        },
        "title": {
            "text": "Cake is a lie: Electric Boogaloo",
            "color": "dark_red"
        },
        "description": {
            "text": "the cake is a lie the cake is a lie the cake is a lie the cake is a lie the cake is a lie the cake is a lie the cake is a lie the cake is a lie the cake is a lie the cake is a lie the cake is a lie the cake is a lie the cake is a lie the cake is a lie the cake is a lie the cake is a lie the cake is a lie the cake is a lie the cake is a lie the cake is a lie the cake is a lie the cake is a lie the cake is a lie the cake is a lie the cake is a lie the cake is a lie the cake is a lie the cake is a lie the cake is a lie the cake is a lie the cake is a lie the cake is a lie the cake is a lie the cake is a lie the cake is a lie the cake is a lie the cake is a lie the cake is a lie the cake is a lie the cake is a lie the cake is a lie the cake is a lie the cake is a lie the cake is a lie the cake is a lie the cake is a lie the cake is a lie the cake is a lie the cake is a lie the cake is a lie the cake is a lie the cake is a lie the cake is a lie the cake is a lie the cake is a lie the cake is a lie the cake is a lie the cake is a lie the cake is a lie the cake is a lie the cake is a lie the cake is a lie the cake is a lie the cake is a lie the cake is a lie the cake is a lie the cake is a lie the cake is a lie the cake is a lie the cake is a lie",
            "color": "dark_aqua"
        },
        "frame": "task",
        "show_toast": true,
        "announce_to_chat": false,
        "hidden": true
    },
    "parent": "adv:heavy/gener/curious",
    "criteria": {
        "requirement": {
            "trigger": "minecraft:tick",
            "conditions": {
                "player": {
                    "nbt": "{Inventory:[{tag:{CakeIsALie:1b}}]}"
                }
            }
        }
    }
}
