{
    "display": {
      "icon": {
        "item": "minecraft:player_head",
        "nbt": "{SkullOwner:{Id:[I;-1499577497,-1634251123,-1918412384,-893727666],Properties:{textures:[{Value:\"eyJ0ZXh0dXJlcyI6eyJTS0lOIjp7InVybCI6Imh0dHA6Ly90ZXh0dXJlcy5taW5lY3JhZnQubmV0L3RleHR1cmUvZTMyMjdhNzVjYjg0NGVlOWQ2ZjdjMDllM2ZiOTNiY2QxZDk2ZjhiMzQxNzNjYWFjODU0NjhhNTIwZTQ5NzY1NCJ9fX0=\"}]}}}"
      },
      "title": {
        "text": "coennieboy1",
        "color": "gold"
      },
      "description": {
        "text": "QA Tester",
        "color": "dark_aqua"
      },
      "frame": "task",
      "show_toast": false,
      "announce_to_chat": false
    },
    "parent": "adv:credits/testers/root",
    "criteria": {
      "requirements": {
        "trigger": "minecraft:tick",
        "conditions": {
            "player": [
              {
                "condition": "minecraft:entity_properties",
                "entity": "this",
                "predicate": {
                  "player": {
                    "advancements": {
                      "adv:credits/testers/murky": true
                    }
                  }
                }
              }
            ]
          }
      }
    }
  }
  