{
    "display": {
      "icon": {
        "item": "minecraft:player_head",
        "nbt": "{SkullOwner:{Id:[I;67411088,-739686879,-1666252800,178923880],Properties:{textures:[{Value:\"eyJ0ZXh0dXJlcyI6eyJTS0lOIjp7InVybCI6Imh0dHA6Ly90ZXh0dXJlcy5taW5lY3JhZnQubmV0L3RleHR1cmUvYjg2YjlkNThiY2QxYTU1NWY5M2U3ZDg2NTkxNTljZmQyNWI4ZGQ2ZTliY2UxZTk3MzgyMjgyNDI5MTg2MiJ9fX0=\"}]}}}"
      },
      "title": {
        "text": "Rent an apology",
        "color": "aqua"
      },
      "description": {
        "text": "Someone will be with you shortly",
        "color": "dark_aqua"
      },
      "frame": "task",
      "show_toast": true,
      "announce_to_chat": false,
      "hidden": true
    },
    "parent": "adv:entrance/exploration/medbay",
    "criteria": {
      "requirement": {
        "trigger": "minecraft:impossible"
      }
    }
  }