{
    "display": {
      "icon": {
        "item": "minecraft:player_head",
        "nbt": "{SkullOwner:{Id:[I;67411088,-739686879,-1666252800,-1431936411],Properties:{textures:[{Value:\"eyJ0ZXh0dXJlcyI6eyJTS0lOIjp7InVybCI6Imh0dHA6Ly90ZXh0dXJlcy5taW5lY3JhZnQubmV0L3RleHR1cmUvYmFjZWU0Y2RlYWUwYzgwZGUxMDBlZTNmNjJlYWYzZjk5NzMxMjc2NjA2YTQ0YjE2YjVmOTEzYjE0ZmU5NWU3NSJ9fX0=\"}]}}}"
      },
      "title": {
        "text": "Owie",
        "color": ""
      },
      "description": {
        "text": "Why would you do this? I have a family!",
        "color": "dark_aqua"
      },
      "frame": "task",
      "show_toast": true,
      "announce_to_chat": false,
      "hidden": true
    },
    "parent": "adv:entrance/exploration/truth",
    "criteria": {
      "requirement": {
        "trigger": "minecraft:impossible"
      }
    }
  }