{
    "display": {
      "icon": {
        "item": "minecraft:player_head",
        "nbt": "{SkullOwner:{Id:[I;67411088,-739686879,-1666252800,-1432061919],Properties:{textures:[{Value:\"eyJ0ZXh0dXJlcyI6eyJTS0lOIjp7InVybCI6Imh0dHA6Ly90ZXh0dXJlcy5taW5lY3JhZnQubmV0L3RleHR1cmUvN2EzYzIyNmM5YTc3ZGJkNmZlNGM1OTQyZDg2NmM4M2RhMGM5ZDI5M2E1MjcyYWY2ZjcxMTdlOGZhNmVkMGM4NSJ9fX0=\"}]}}}"
      },
      "title": {
        "text": "Thief!!",
        "color": "dark_green"
      },
      "description": {
        "text": "Theft for the brokie",
        "color": "dark_aqua"
      },
      "frame": "task",
      "show_toast": true,
      "announce_to_chat": false,
      "hidden": true
    },
    "parent": "adv:entrance/exploration/root",
    "criteria": {
      "requirement": {
        "trigger": "minecraft:impossible"
      }
    }
  }