{
  "display": {
    "icon": {
      "item": "minecraft:player_head",
      "nbt": "{SkullOwner:{Id:[I;67411088,-739686879,-1666252800,178923816],Properties:{textures:[{Value:\"eyJ0ZXh0dXJlcyI6eyJTS0lOIjp7InVybCI6Imh0dHA6Ly90ZXh0dXJlcy5taW5lY3JhZnQubmV0L3RleHR1cmUvNDY2YTVmN2JjZDNjMWMyMjVhOTM2NmVlZTZkZmFiMWNjNjZhNmJmNzM2M2ZlZDA4NzUxMmU2ZWY0N2ExZCJ9fX0=\"}]}}}"
    },
    "title": {
      "text": "Medical Supplies",
      "color": "red"
    },
    "description": {
      "text": "Find the medical supplies in medbay",
      "color": "dark_aqua"
    },
    "frame": "task",
    "show_toast": true,
    "announce_to_chat": false,
    "hidden": true
  },
  "parent": "adv:entrance/exploration/root",
  "criteria": {
    "requirement": {
      "trigger": "minecraft:inventory_changed",
      "conditions": {
        "items": [
          {
            "items": [
              "minecraft:potion"
            ],
            "nbt": "{medkit:1b}"
          }
        ]
      }
    }
  }
}