{
    "display": {
        "icon": {
            "item": "minecraft:player_head",
            "nbt": "{SkullOwner:{Id:[I;67411088,-739686879,-1666252800,-1431797642],Properties:{textures:[{Value:\"eyJ0ZXh0dXJlcyI6eyJTS0lOIjp7InVybCI6Imh0dHA6Ly90ZXh0dXJlcy5taW5lY3JhZnQubmV0L3RleHR1cmUvNzU5NmFkYjE0Y2FkNTIzZmE2ZmQzNzNmYzlhNTk5ZjkyYmFmMDNjZjg4MjVmM2E2ZDZmMzIyMzZhZjIxYmE1NSJ9fX0=\"}]}}}"
        },
        "title": {
            "text": "Exploration",
            "color": "gold"
        },
        "description": "",
        "frame": "goal",
        "show_toast": false,
        "announce_to_chat": false,
        "hidden": true
    },
    "parent": "adv:entrance/root",
    "criteria": {
        "requirement": {
            "trigger": "minecraft:tick",
            "conditions": {
                "player": {
                    "player": {
                        "advancements": {
                            "adv:entrance/root": true
                        }
                    }
                }
            }
        }
    }
}