{
  "display": {
    "icon": {
      "item": "minecraft:player_head",
      "nbt": "{SkullOwner:{Id:[I;67411088,-739686879,-1666252800,698928],Properties:{textures:[{Value:\"eyJ0ZXh0dXJlcyI6eyJTS0lOIjp7InVybCI6Imh0dHA6Ly90ZXh0dXJlcy5taW5lY3JhZnQubmV0L3RleHR1cmUvODE5Zjk0OGQxNzcxOGFkYWNlNWRkNmUwNTBjNTg2MjI5NjUzZmVmNjQ1ZDcxMTNhYjk0ZDE3YjYzOWNjNDY2In19fQ==\"}]}}}"
    },
    "title": {
      "text": "Shocking Truths",
      "color": "red"
    },
    "description": {
      "text": "It was Mars this whole time!??!",
      "color": "dark_aqua"
    },
    "frame": "task",
    "show_toast": true,
    "announce_to_chat": false,
    "hidden": true
  },
  "parent": "adv:entrance/exploration/food",
  "criteria": {
    "requirement": {
      "trigger": "minecraft:location",
      "conditions": {
        "position": {
          "x": {
            "min": 697,
            "max": 699
          },
          "y": {
            "min": 43,
            "max": 46
          },
          "z": {
            "min": 99795,
            "max": 99800
          }
        }
      }
    }
  }
}