{
    "display": {
      "icon": {
        "item": "minecraft:player_head",
        "nbt": "{SkullOwner:{Id:[I;67411088,-739686879,-1666252800,-1432189835],Properties:{textures:[{Value:\"eyJ0ZXh0dXJlcyI6eyJTS0lOIjp7InVybCI6Imh0dHA6Ly90ZXh0dXJlcy5taW5lY3JhZnQubmV0L3RleHR1cmUvMTYwZjUwZDdlNDc2ZjZjODQ4NGIzYjk3MzEzODZhZWIwNzA5OTc0MmNkNjg1MjliNzA1ZGQ4ZjdkYTY3ODg5YyJ9fX0=\"}]}}}"
      },
      "title": {
        "text": "The Fall",
        "color": "gray"
      },
      "description": {
        "text": "This is going to take a while",
        "color": "dark_aqua"
      },
      "frame": "task",
      "show_toast": true,
      "announce_to_chat": false,
      "hidden": true
    },
    "parent": "adv:entrance/exploration/apology",
    "criteria": {
      "requirement": {
        "trigger": "minecraft:impossible"
      }
    }
  }