{
    "display": {
      "icon": {
        "item": "minecraft:player_head",
        "nbt": "{SkullOwner:{Id:[I;885009804,1998081773,-1839175065,1863191758],Properties:{textures:[{Value:\"eyJ0ZXh0dXJlcyI6eyJTS0lOIjp7InVybCI6Imh0dHA6Ly90ZXh0dXJlcy5taW5lY3JhZnQubmV0L3RleHR1cmUvY2VkOWY0MzFhOTk3ZmNlMGQ4YmUxODQ0ZjYyMDkwYjE3ODNhYzU2OWM5ZDI3OTc1MjgzNDlkMzdjMjE1ZmNjIn19fQ==\"}]}}}"
      },
      "title": "",
      "description": "",
      "frame": "goal",
      "announce_to_chat": false,
      "show_toast": false
    },
    "parent": "adv:credits/d/d",
    "criteria": {
      "requirements": {
        "trigger": "minecraft:tick",
        "conditions": {
          "player": [
            {
              "condition": "minecraft:entity_properties",
              "entity": "this",
              "predicate": {
                "player": {
                  "advancements": {
                    "adv:credits/d/d": true
                  }
                }
              }
            }
          ]
        }
      }
    }
  }
  