{
    "display": {
      "icon": {
        "item": "minecraft:player_head",
        "nbt": "{SkullOwner:\"DemonicDemon6\"}"
      },
      "title": {
        "text": "DemonicDemon6",
        "color": "gold"
      },
      "description": {
        "text": "Creator, plugin developer, datapack developer",
        "color": "dark_aqua"
      },
      "frame": "challenge",
      "show_toast": false,
      "announce_to_chat": false
    },
    "parent": "adv:credits/deb",
    "criteria": {
      "requirements": {
        "trigger": "minecraft:tick",
        "conditions": {
          "player": [
            {
              "condition": "minecraft:entity_properties",
              "entity": "this",
              "predicate": {
                "player": {
                  "advancements": {
                    "adv:credits/deb": true
                  }
                }
              }
            }
          ]
        }
      }
    }
  }
  