{
    "display": {
      "icon": {
        "item": "minecraft:player_head",
        "nbt": "{SkullOwner:{Id:[I;1070247943,413812528,-1305975695,759230725],Properties:{textures:[{Value:\"eyJ0ZXh0dXJlcyI6eyJTS0lOIjp7InVybCI6Imh0dHA6Ly90ZXh0dXJlcy5taW5lY3JhZnQubmV0L3RleHR1cmUvYzRmZTkyNjkyMmZiYjQwNmYzNDNiMzRhMTBiYjk4OTkyY2VlNDQxMDEzN2QzZjg4MDk5NDI3YjIyZGUzYWI5MCJ9fX0=\"}]}}}"
      },
      "title": {
        "text": "Fatman",
        "color": "gold"
      },
      "description": {
        "text": "....as Fatman",
        "color": "dark_aqua"
      },
      "frame": "challenge",
      "show_toast": false,
      "announce_to_chat": false
    },
    "parent": "adv:credits/dd6",
    "criteria": {
      "requirements": {
        "trigger": "minecraft:tick",
        "conditions": {
          "player": [
            {
              "condition": "minecraft:entity_properties",
              "entity": "this",
              "predicate": {
                "player": {
                  "advancements": {
                    "adv:credits/dd6": true
                  }
                }
              }
            }
          ]
        }
      }
    }
  }
  