{
    "display": {
      "icon": {
        "item": "minecraft:name_tag"
      },
      "title": {
        "text": "03 Card",
        "color": "gold",
        "bold": true
      },
      "description": {
        "text": "Can open 03 doors",
        "color": "gray",
        "italic": true
      },
      "frame": "task",
      "show_toast": false,
      "announce_to_chat": false,
      "hidden": false
    },
    "parent": "adv:debx/keycard/2",
    "criteria": {
      "requirement": {
        "trigger": "minecraft:inventory_changed",
        "conditions": {
          "items": [
            {
              "items": [
                "minecraft:name_tag"
              ],
              "nbt": "{key:[\"3\"]}"
            }
          ]
        }
      }
    }
  }
  