{
  "display": {
    "icon": {
      "item": "minecraft:player_head",
      "nbt": "{SkullOwner:{Id:[I;-2064824409,-168083331,-1374229769,1959278593],Properties:{textures:[{Value:\"eyJ0ZXh0dXJlcyI6eyJTS0lOIjp7InVybCI6Imh0dHA6Ly90ZXh0dXJlcy5taW5lY3JhZnQubmV0L3RleHR1cmUvZDQxZDEzYTE4NTVhNzVkNmFlMWFlMmIyODM3ZDc2ZDkyMGM1Zjc3MzllNjQ0Njk4NDE2NThmOTE3ZmMwIn19fQ==\"}]}}}"
    },
    "title": {
      "text": "Light Containment",
      "color": "gold"
    },
    "description": {
      "text": "New area unlocked! Light-containment zone!",
      "color": "dark_aqua"
    },
    "background": "textures/block/cyan_terracotta.png",
    "frame": "challenge",
    "show_toast": false,
    "announce_to_chat": true,
    "hidden": true
  },
  "criteria": {
    "requirement": {
      "trigger": "minecraft:impossible"
    }
  }
}
