{
    "display": {
        "icon": {
            "item": "minecraft:player_head",
            "nbt": "{SkullOwner:{Id:[I;1033833018,283920239,-1408473082,-1412859578],Properties:{textures:[{Value:\"eyJ0ZXh0dXJlcyI6eyJTS0lOIjp7InVybCI6Imh0dHA6Ly90ZXh0dXJlcy5taW5lY3JhZnQubmV0L3RleHR1cmUvOGY1Yjg3MWFlNDdlYmExNDZiNWI0Y2Y4OWZjMjBkYzMyMzY5NTJhN2VhODY3ODk4YmVjMWYzYjcxOTcxMmEifX19\"}]}}}"
        },
        "title": {
            "text": "Heavy Containment",
            "color": "gold"
        },
        "description": {
            "text": "New area unlocked! Heavy-containment zone!",
            "color": "dark_aqua"
        },
        "background": "textures/block/cyan_terracotta.png",
        "frame": "challenge",
        "show_toast": true,
        "announce_to_chat": true,
        "hidden": true
    },
    "criteria": {
        "requirement": {
            "trigger": "minecraft:location",
            "conditions": {
                "location": {
                    "position": {
                        "x": {
                            "min": 744,
                            "max": 751
                        },
                        "y": {
                            "min": 25,
                            "max": 27
                        },
                        "z": {
                            "min": 99768,
                            "max": 99775
                        }
                      }
                }
            }
        }
    }
}
