{
    "display": {
      "icon": {
        "item": "minecraft:player_head",
        "nbt": "{SkullOwner:{Id:[I;67411088,-739686879,-1666252800,-1431758487],Properties:{textures:[{Value:\"eyJ0ZXh0dXJlcyI6eyJTS0lOIjp7InVybCI6Imh0dHA6Ly90ZXh0dXJlcy5taW5lY3JhZnQubmV0L3RleHR1cmUvY2VkZTBjMmFhNmE3ZDI3MzA3OGU4ZGNjZGVmYzlkZWE0NjVmN2UyYjQ5NTEyOWU2ZGEwNmYzNGE2MTMyOWU1MiJ9fX0=\"}]}}}"
      },
      "title": {
        "text": "Curious Light",
        "color": "#F28C28"
      },
      "description": {
        "text": "I wonder what it does",
        "color": "dark_aqua"
      },
      "frame": "task",
      "show_toast": true,
      "announce_to_chat": false,
      "hidden": true
    },
    "parent": "adv:heavy/gener/server",
    "criteria": {
      "requirement": {
        "trigger": "minecraft:impossible"
      }
    }
  }