{
    "display": {
      "icon": {
        "item": "minecraft:player_head",
        "nbt": "{SkullOwner:{Id:[I;67411088,-739686879,-1666252800,-1432119968],Properties:{textures:[{Value:\"eyJ0ZXh0dXJlcyI6eyJTS0lOIjp7InVybCI6Imh0dHA6Ly90ZXh0dXJlcy5taW5lY3JhZnQubmV0L3RleHR1cmUvYzRmZTkyNjkyMmZiYjQwNmYzNDNiMzRhMTBiYjk4OTkyY2VlNDQxMDEzN2QzZjg4MDk5NDI3YjIyZGUzYWI5MCJ9fX0=\"}]}}}"
      },
      "title": {
        "text": "You let Fatman escape!",
        "color": "#FCFBF4"
      },
      "description": {
        "text": "Hope he doesn't break anything, like the power...",
        "color": "dark_aqua"
      },
      "frame": "task",
      "show_toast": true,
      "announce_to_chat": false,
      "hidden": true
    },
    "parent": "adv:heavy/gener/root",
    "criteria": {
      "requirement": {
        "trigger": "minecraft:impossible"
      }
    }
  }