{
    "display": {
        "icon": {
            "item": "minecraft:player_head",
            "nbt": "{SkullOwner:{Id:[I;67411088,-739686879,-1666252800,-1432254175],Properties:{textures:[{Value:\"eyJ0ZXh0dXJlcyI6eyJTS0lOIjp7InVybCI6Imh0dHA6Ly90ZXh0dXJlcy5taW5lY3JhZnQubmV0L3RleHR1cmUvYmUyNGZkOWM2NDAwNTc3N2M3ODZmZTMxYWY2NWM1NzJlMzBkYTc5Njk4YTllZDIxMWFmMTQ3YzY0ZjcyYmE1ZCJ9fX0=\"}]}}}"
        },
        "title": {
            "text": "General",
            "color": "gold"
        },
        "description": "",
        "frame": "goal",
        "show_toast": false,
        "announce_to_chat": false,
        "hidden": true
    },
    "parent": "adv:heavy/root",
    "criteria": {
        "requirement": {
            "trigger": "minecraft:tick",
            "conditions": {
                "player": {
                    "player": {
                        "advancements": {
                            "adv:heavy/root": true
                        }
                    }
                }
            }
        }
    }
}