{
  "display": {
    "icon": {
      "item": "minecraft:player_head",
      "nbt": "{SkullOwner:{Id:[I;-1801088819,-82099867,-1311222662,1870487765],Properties:{textures:[{Value:\"eyJ0ZXh0dXJlcyI6eyJTS0lOIjp7InVybCI6Imh0dHA6Ly90ZXh0dXJlcy5taW5lY3JhZnQubmV0L3RleHR1cmUvYzUyNjFhNGZiMzBlMTQwNDIxZTZlZDc4OTM2ZTJhNTAwOTFlYmUyNGUzZjgwYWM0ZGE3OGEyMDAzOWVmOTNjMiJ9fX0=\"}]}}}"
    },
    "title": {
      "text": "Dark Hallway of Death",
      "color": "black",
      "bold": true
    },
    "description": {
      "text": "You've found the dark hallway of death",
      "color": "dark_gray"
    },
    "frame": "task",
    "show_toast": true,
    "announce_to_chat": false,
    "hidden": true
  },
  "parent": "adv:light/prison/code",
  "criteria": {
    "requirement": {
      "trigger": "minecraft:location",
      "conditions": {
        "location": {
          "position": {
            "x": {
              "min": 790,
              "max": 791
            },
            "y": {
              "min": 10,
              "max": 11
            },
            "z": {
              "min": 99882,
              "max": 99884
            }
          }
        }
      }
    }
  }
}
