{
    "display": {
      "icon": {
        "item": "minecraft:player_head",
        "nbt": "{SkullOwner:{Id:[I;-1548475053,-195607677,-1486525297,-1328217501],Properties:{textures:[{Value:\"eyJ0ZXh0dXJlcyI6eyJTS0lOIjp7InVybCI6Imh0dHA6Ly90ZXh0dXJlcy5taW5lY3JhZnQubmV0L3RleHR1cmUvYjAxYTU2OGViYTdlNDUzYjU1ZjE1NTQ1ZjVlMzVmZmFiODc5MWFhY2Y5MDM0YWZiYmJlNGJkZGIyMWZhNTAifX19\"}]}}}"
      },
      "title": {
        "text": "Code Breaker",
        "color": "aqua"
      },
      "description": {
        "text": "You have successfully cracked the code!",
        "color": "dark_aqua"
      },
      "frame": "task",
      "show_toast": true,
      "announce_to_chat": false,
      "hidden": false
    },
    "parent": "adv:light/prison/root",
    "criteria": {
      "requirement": {
        "trigger": "minecraft:impossible"
      }
    }
  }
  