{
  "display": {
      "icon": {
          "item": "minecraft:player_head",
          "nbt": "{SkullOwner:{Id:[I;67411088,-739686879,-1666252800,-1431936407],Properties:{textures:[{Value:\"eyJ0ZXh0dXJlcyI6eyJTS0lOIjp7InVybCI6Imh0dHA6Ly90ZXh0dXJlcy5taW5lY3JhZnQubmV0L3RleHR1cmUvMmRkYmFiZWY3Zjg2MWEyZDc1NGI5ZmRlYWVmNWIxYjQzNDY0MzdhNjdjNDViN2FlY2U2NjkxZWEyNDFhZDg3MCJ9fX0=\"}]}}}"
      },
      "title": {
          "text": "Have a cold swim",
          "color": "aqua"
      },
      "description": {
          "text": "The warning signs clearly said no swimming",
          "color": "dark_aqua"
      },
      "frame": "task",
      "show_toast": true,
      "announce_to_chat": false,
      "hidden": true
  },
  "parent": "adv:heavy/reactor/others/hadron",
  "criteria": {
      "requirement": {
          "trigger": "minecraft:location",
          "conditions": {
              "location": {
                  "position": {
                      "x": {
                          "min": 719,
                          "max": 730
                      },
                      "y": {
                          "min": 8,
                          "max": 15
                      },
                      "z": {
                          "min": 99730,
                          "max": 99748
                      }
                  }
              }
          }
      }
  }
}
