{
    "display": {
      "icon": {
        "item": "minecraft:player_head",
        "nbt": "{SkullOwner:{Id:[I;67411088,-739686879,-1666252800,-1431924443],Properties:{textures:[{Value:\"eyJ0ZXh0dXJlcyI6eyJTS0lOIjp7InVybCI6Imh0dHA6Ly90ZXh0dXJlcy5taW5lY3JhZnQubmV0L3RleHR1cmUvMmNhMjkyNjZlYjY5NTE4ODU5NTA4OTU5MjFkZDY4MWE0N2JlNzNjYWYwNjZlZjk0N2EyM2EzNzQyYzIyODIzNyJ9fX0=\"}]}}}"
      },
      "title": {
        "text": "Reactor",
        "color": "#2CF91D"
      },
      "description": {
        "text": "Turn on the reactor",
        "color": "dark_aqua"
      },
      "frame": "task",
      "show_toast": true,
      "announce_to_chat": false,
      "hidden": false
    },
    "parent": "adv:heavy/reactor/root",
    "criteria": {
      "requirement": {
        "trigger": "minecraft:impossible"
      }
    }
  }