{
  "display": {
    "icon": {
      "item": "minecraft:player_head",
      "nbt": "{SkullOwner:{Id:[I;67411088,-739686879,-1666252800,-1431758492],Properties:{textures:[{Value:\"eyJ0ZXh0dXJlcyI6eyJTS0lOIjp7InVybCI6Imh0dHA6Ly90ZXh0dXJlcy5taW5lY3JhZnQubmV0L3RleHR1cmUvZDk4NDhkZGU4ZTUzMGRjNzA1ZmI2NzdkYWQ4MTQ5MmNjMjIyYmY5NmZkNjMyYjg1MTRhZWZiODA5MzFmZTBkIn19fQ==\"}]}}}"
    },
    "title": {
      "text": "Security Doors",
      "color": "aqua"
    },
    "description": {
      "text": "Hope you didn't cut yourself",
      "color": "dark_aqua"
    },
    "frame": "task",
    "show_toast": false,
    "announce_to_chat": false,
    "hidden": false
  },
  "parent": "adv:light/security/root",
  "criteria": {
    "requirement": {
      "trigger": "minecraft:location",
      "conditions": {
        "location": {
          "position": {
            "x": {
              "min": 772,
              "max": 777
            },
            "y": {
              "min": 25,
              "max": 28
            },
            "z": {
              "min": 99727,
              "max": 99728
            }
          }
        }
      }
    }
  }
}
