{
  "display": {
    "icon": {
      "item": "minecraft:player_head",
      "nbt": "{SkullOwner:{Id:[I;67411088,-739686879,-1666252800,-1431989197],Properties:{textures:[{Value:\"eyJ0ZXh0dXJlcyI6eyJTS0lOIjp7InVybCI6Imh0dHA6Ly90ZXh0dXJlcy5taW5lY3JhZnQubmV0L3RleHR1cmUvZjNkZDZhNWVmYmZkOTExNWIzZTM4MTI0MWEyZTBlMjk2NzQyYmZhNzgzNDcwNTE2YzMyMjkzNTAzMmVlYjg4MyJ9fX0=\"}]}}}"
    },
    "title": {
      "text": "Light-Containment Complete!",
      "color": "gold",
      "bold": true
    },
    "description": {
      "text": "Congrats on escaping light-containment",
      "color": "dark_aqua"
    },
    "frame": "challenge",
    "show_toast": false,
    "announce_to_chat": true,
    "hidden": true
  },
  "parent": "adv:light/security/office",
  "criteria": {
    "requirement": {
      "trigger": "minecraft:location",
      "conditions": {
        "location": {
          "position": {
            "x": {
              "min": 749,
              "max": 751
            },
            "y": {
              "min": 25,
              "max": 27
            },
            "z": {
              "min": 99768,
              "max": 99775
            }
          }
        }
      }
    }
  }
}
