{
  "display": {
    "icon": {
      "item": "minecraft:player_head",
      "nbt": "{SkullOwner:{Id:[I;67411088,-739686879,-1666252800,-1432139516],Properties:{textures:[{Value:\"eyJ0ZXh0dXJlcyI6eyJTS0lOIjp7InVybCI6Imh0dHA6Ly90ZXh0dXJlcy5taW5lY3JhZnQubmV0L3RleHR1cmUvNzhhNGExODE1YjU5ODY3YzlkMjc5MGM0NGVhNWRhNTQ0NjI5MjQyNTk5Y2RmODMwYjE0OTFjN2ZmMzAzNzU1In19fQ==\"}]}}}"
    },
    "title": {
      "text": "Office",
      "color": "green"
    },
    "description": {
      "text": "Ok now get out",
      "color": "dark_aqua"
    },
    "frame": "task",
    "show_toast": false,
    "announce_to_chat": false,
    "hidden": false
  },
  "parent": "adv:light/security/door",
  "criteria": {
    "requirement": {
      "trigger": "minecraft:location",
      "conditions": {
        "location": {
          "position": {
            "x": {
              "min": 763,
              "max": 776
            },
            "y": {
              "min": 25,
              "max": 28
            },
            "z": {
              "min": 99719,
              "max": 99725
            }
          }
        }
      }
    }
  }
}
