{
    "display": {
      "icon": {
        "item": "minecraft:player_head",
        "nbt": "{SkullOwner:{Id:[I;67411088,-739686879,-1666252800,-1432201119],Properties:{textures:[{Value:\"eyJ0ZXh0dXJlcyI6eyJTS0lOIjp7InVybCI6Imh0dHA6Ly90ZXh0dXJlcy5taW5lY3JhZnQubmV0L3RleHR1cmUvYjA0OGNjMGRlZTA5NWJlNTgzOWZkZjJmN2QzODI1NTZjMDBjNjg2YzdlYjRiM2M2OTBiZTRkZjAyZjIxMmFhZCJ9fX0=\"}]}}}"
      },
      "title": {
        "text": "Gate opened",
        "color": "green"
      },
      "description": {
        "text": "Open sesame",
        "color": "dark_aqua"
      },
      "frame": "task",
      "show_toast": false,
      "announce_to_chat": false,
      "hidden": false
    },
    "parent": "adv:light/prison/power",
    "criteria": {
      "requirement": {
        "trigger": "minecraft:impossible"
      }
    }
  }
  