{
    "display": {
      "icon": {
        "item": "minecraft:player_head",
        "nbt": "{SkullOwner:{Id:[I;-744722392,914640266,-1260773247,1714710505],Properties:{textures:[{Value:\"eyJ0ZXh0dXJlcyI6eyJTS0lOIjp7InVybCI6Imh0dHA6Ly90ZXh0dXJlcy5taW5lY3JhZnQubmV0L3RleHR1cmUvYzQ2NWMxMjE5NThjMDUyMmUzZGNjYjNkMTRkNjg2MTJkNjMxN2NkMzgwYjBlNjQ2YjYxYjc0MjBiOTA0YWYwMiJ9fX0=\"}]}}}"
      },
      "title": {
        "text": "Turn on power!",
        "color": "yellow"
      },
      "description": {
        "text": "Well done! Now we have power!",
        "color": "dark_aqua"
      },
      "frame": "task",
      "show_toast": false,
      "announce_to_chat": false,
      "hidden": false
    },
    "parent": "adv:light/prison/root",
    "criteria": {
      "requirement": {
        "trigger": "minecraft:impossible"
      }
    }
  }
  