{
  "display": {
    "icon": {
      "item": "minecraft:iron_bars"
    },
    "title": {
      "text": "Prison",
      "color": "gold"
    },
    "description": "",
    "frame": "goal",
    "show_toast": false,
    "announce_to_chat": false,
    "hidden": true
  },
  "parent": "adv:light/root",
  "criteria": {
    "requirement": {
      "trigger": "minecraft:tick",
      "conditions": {
        "player": [
          {
            "condition": "minecraft:entity_properties",
            "entity": "this",
            "predicate": {
              "player": {
                "advancements": {
                  "adv:light/root": true
                }
              }
            }
          }
        ]
      }
    }
  }
}
