{
    "display": {
      "icon": {
        "item": "minecraft:player_head",
        "nbt": "{SkullOwner:{Id:[I;67411088,-739686879,-1666252800,-1431746730],Properties:{textures:[{Value:\"eyJ0ZXh0dXJlcyI6eyJTS0lOIjp7InVybCI6Imh0dHA6Ly90ZXh0dXJlcy5taW5lY3JhZnQubmV0L3RleHR1cmUvZWVmZDRjZmE5MTQzMzk4ZTExZWJjZTNmYjJlY2JiZjU2YTA3M2UzNTYzZjZlZjZhY2FlNGNiNzM5N2U1ODhiMiJ9fX0=\"}]}}}"
      },
      "title": {
        "text": "Shutdown",
        "color": "#228B22"
      },
      "description": {
        "text": "Task failed successfully",
        "color": "dark_aqua"
      },
      "frame": "task",
      "show_toast": true,
      "announce_to_chat": false,
      "hidden": true
    },
    "parent": "adv:heavy/reactor/safe/restabilised",
    "criteria": {
      "requirement": {
        "trigger": "minecraft:impossible"
      }
    }
  }