{
    "display": {
      "icon": {
        "item": "minecraft:player_head",
        "nbt": "{SkullOwner:{Id:[I;1599936267,-114145845,-1689611209,448207802],Properties:{textures:[{Value:\"eyJ0ZXh0dXJlcyI6eyJTS0lOIjp7InVybCI6Imh0dHA6Ly90ZXh0dXJlcy5taW5lY3JhZnQubmV0L3RleHR1cmUvYzE0MDg2Yzg2NWZlYjQ1MmY5ZTYyNjcwZDc4ZDVkNWM3YzM2NzUzMTkyN2FlNTE0MmQ5MzBhN2U3OTgyOWNmMiJ9fX0=\"}]}}}"
      },
      "title": {
        "text": "Deberenzijncaool",
        "color": "gold"
      },
      "description": {
        "text": "Creator, lead map designer, audio engineer, certified door man, reactor operator, spokesperson of DebX",
        "color": "dark_aqua"
      },
      "frame": "challenge",
      "show_toast": false,
      "announce_to_chat": false
    },
    "parent": "adv:credits/root",
    "criteria": {
      "requirements": {
        "trigger": "minecraft:tick",
        "conditions": {
          "player": [
            {
              "condition": "minecraft:entity_properties",
              "entity": "this",
              "predicate": {
                "player": {
                  "advancements": {
                    "adv:credits/d/d": true
                  }
                }
              }
            }
          ]
        }
      }
    }
  }
  