{
    "display": {
      "icon": {
        "item": "minecraft:player_head",
        "nbt": "{SkullOwner:{Id:[I;67411088,-739686879,-1666252800,-1431792521],Properties:{textures:[{Value:\"eyJ0ZXh0dXJlcyI6eyJTS0lOIjp7InVybCI6Imh0dHA6Ly90ZXh0dXJlcy5taW5lY3JhZnQubmV0L3RleHR1cmUvNTNmZDhlODdkZDkwMzJjZDcyZjZmYTJkNmI0NWU1M2YwODI3YjUyNzI2M2RhNjQ4ZTBlZTU1NTJjZGFkNmNiYyJ9fX0=\"}]}}}"
      },
      "title": {
        "text": "Bunker",
        "color": "red"
      },
      "description": {
        "text": "What? He was hungry...",
        "color": "dark_aqua"
      },
      "frame": "task",
      "show_toast": true,
      "announce_to_chat": false,
      "hidden": true
    },
    "parent": "adv:heavy/reactor/death/meltdown",
    "criteria": {
      "requirement": {
        "trigger": "minecraft:impossible"
      }
    }
  }