{
    "display": {
        "icon": {
            "item": "minecraft:player_head",
            "nbt": "{SkullOwner:{Id:[I;67411088,-739686879,-1666252800,-1432025722],Properties:{textures:[{Value:\"eyJ0ZXh0dXJlcyI6eyJTS0lOIjp7InVybCI6Imh0dHA6Ly90ZXh0dXJlcy5taW5lY3JhZnQubmV0L3RleHR1cmUvZGNhZmJhYzUwNjgxOTdmZGExODYzNmRmYzRjZTdmOWRmNWFmOWIyYTA2ZTZmOTFlMzhhZTM1ZTRjNDM1YjJkZiJ9fX0=\"}]}}}"
        },
        "title": {
            "text": "The server... again?",
            "color": "green"
        },
        "description": {
            "text": "Enter the server for the second time",
            "color": "dark_aqua"
        },
        "frame": "task",
        "show_toast": true,
        "announce_to_chat": false,
        "hidden": true
    },
    "parent": "adv:heavy/gener/heavy",
    "criteria": {
        "requirement": {
            "trigger": "minecraft:location",
            "conditions": {
                "location": {
                    "position": {
                        "x": {
                            "min": 760,
                            "max": 765
                        },
                        "y": {
                            "min": 35,
                            "max": 38
                        },
                        "z": {
                            "min": 99858,
                            "max": 99860
                        }
                    }
                }
            }
        }
    }
}