{
    "display": {
        "icon": {
            "item": "minecraft:player_head",
            "nbt": "{SkullOwner:{Id:[I;67411088,-739686879,-1666252800,-1432079593],Properties:{textures:[{Value:\"eyJ0ZXh0dXJlcyI6eyJTS0lOIjp7InVybCI6Imh0dHA6Ly90ZXh0dXJlcy5taW5lY3JhZnQubmV0L3RleHR1cmUvZWJlMDNjYjZmYWVhOTFhNjlhNDY4NGIzMGRkNjJmMWJlZjRmODM0N2NhMjAzNmQxMjhhNzAxMWE1YTUyZDA3OSJ9fX0=\"}]}}}"
        },
        "title": {
            "text": "Vent",
            "color": "green"
        },
        "description": {
            "text": "ඞ",
            "color": "red"
        },
        "frame": "task",
        "show_toast": true,
        "announce_to_chat": false,
        "hidden": true
    },
    "parent": "adv:heavy/gener/cake",
    "criteria": {
        "requirement": {
            "trigger": "minecraft:location",
            "conditions": {
                "location": {
                    "position": {
                        "x": {
                            "min": 709,
                            "max": 719
                        },
                        "y": {
                            "min": 34,
                            "max": 37
                        },
                        "z": {
                            "min": 99793,
                            "max": 99804
                        }
                    }
                }
            }
        }
    }
}