{
    "display": {
      "icon": {
        "item": "minecraft:player_head",
        "nbt": "{SkullOwner:{Id:[I;67411088,-739686879,-1666252800,-1431956186],Properties:{textures:[{Value:\"eyJ0ZXh0dXJlcyI6eyJTS0lOIjp7InVybCI6Imh0dHA6Ly90ZXh0dXJlcy5taW5lY3JhZnQubmV0L3RleHR1cmUvNTNlOTdmYWI0NzUzYjc1YmE1YjBjMDM4YmVkMzc3YjE2MmJhMjhiN2E1ZTI5MGFiZmQwMThhNTU4MWFjNTM4OCJ9fX0=\"}]}}}"
      },
      "title": {
        "text": "Meltdown",
        "color": "red"
      },
      "description": {
        "text": "You had 1 job",
        "color": "dark_aqua"
      },
      "frame": "task",
      "show_toast": true,
      "announce_to_chat": false,
      "hidden": true
    },
    "parent": "adv:heavy/reactor/root",
    "criteria": {
      "requirement": {
        "trigger": "minecraft:impossible"
      }
    }
  }